Workbook

Sheet TC_Portfolio
A1: 컴투스프로야구2026 QA Test Case Portfolio
A2: 초반 플레이 루프 기반 모바일 게임 QA 테스트케이스
A4: 테스트 대상 | B4: 컴투스프로야구2026 리그 초반 플레이 루프 | E4: 테스트 방식 | F4: 수동 테스트 기반 TC 작성 및 실행 | I4: 입력 방식 | J4: 터치 | L4: 작성자 | M4: 정재우
A5: 테스트 범위 | B5: 로비 · 환경설정 · 이벤트/보상 · 리그 준비 · 대진/플레이 방식 · 팀 관리/라인업 · 경기 조작 · 자동진행 · 결과/보상 | I5: 결과 기준 | J5: Pass / Fail / Blocked / N/A / Not Run
A6: 작성/판정 기준 | B6: 직접 확인한 화면·플레이 흐름과 동일 세션의 전후 상태 비교를 기준으로 작성 | I6: 앱/환경 | J6: Android 16 / One UI 8.5 · 앱 12.3.1 · Galaxy S23 Ultra
A7: 제외 범위 | B7: 결제 · 엔드 콘텐츠 · 장기 성장 루프 · 내부 정책/운영툴 · 무승부(DRAW) 결과 검증 · 현재 화면/플레이 흐름으로 확인되지 않은 기능 | I7: 주요 리스크 | J7: 앱 전환 · 경기개입 · 보상 반영 · 중복 입력 · 상태 유지 · UX 관찰 후보
A9: 대시보드 요약
A10: 총 TC | B10: 실행 완료 | C10: Pass | D10: Fail | E10: Blocked | F10: N/A | G10: Not Run | H10: 실행률 | I10: P1 실행률 | J10: 판정률 | K10: BTS 이슈 ID | N10: 비고
A11: =COUNTA($A$37:$A$171) -> 135 | B11: =COUNTIF($K$37:$K$171,"Pass")+COUNTIF($K$37:$K$171,"Fail")+COUNTIF($K$37:$K$171,"Blocked")+COUNTIF($K$37:$K$171,"N/A") -> 135 | C11: =COUNTIF($K$37:$K$171,"Pass") -> 133 | D11: =COUNTIF($K$37:$K$171,"Fail") -> 1 | E11: =COUNTIF($K$37:$K$171,"Blocked") -> 1 | F11: =COUNTIF($K$37:$K$171,"N/A") -> 0 | G11: =COUNTIF($K$37:$K$171,"Not Run") -> 0 | H11: =IFERROR(B11/A11,0) -> 1 | I11: =IFERROR((COUNTIFS($F$37:$F$171,"P1",$K$37:$K$171,"Pass")+COUNTIFS($F$37:$F$171,"P1",$K$37:$K$171,"Fail")+COUNTIFS($F$37:$F$171,"P1",$K$37:$K$171,"Blocked")+COUNTIFS($F$37:$F$171,"P1",$K$37:$K$171,"N/A"))/COUNTIF($F$37:$F$171,"P1"),0) -> 1 | J11: =IFERROR((C11+D11)/A11,0) -> 0.99259259 | K11: =COUNTA('BTS_증빙'!$A$5:$A$7) -> 3 | N11: ="리스크 TC: Pass "&COUNTIF($K$163:$K$171,"Pass")&" / Fail "&COUNTIF($K$163:$K$171,"Fail")&" / Blocked "&COUNTIF($K$163:$K$171,"Blocked")&" · 단위 분리 후 "&A11&"건" -> 리스크 TC: Pass 7 / Fail 1 / Blocked 1 · 단위 분리 후 135건
A12: 대표 검증 사례 AUTO-007 중복입력·P 차감 | RESULT-005-B 보상 합산 | RISK-005 네트워크 복구 | RISK-006 강제 종료 복구 | RISK-009 기록 초기화 오류
A13: TC 분포 및 검증·이슈 현황
A14: 대분류 | D14: 유형 | G14: 우선순위 | J14: 검증·이슈 현황 | M14: BTS 등록
A15: 앱/로비 | B15: =COUNTIF($B$37:$B$171,A15) -> 8 | D15: 정상 | E15: =COUNTIF($E$37:$E$171,D15) -> 84 | G15: P1 | H15: =COUNTIF($F$37:$F$171,G15) -> 44 | J15: 이슈 없음 TC | K15: =COUNTIFS($K$37:$K$171,"Pass",$L$37:$L$171,"-",$M$37:$M$171,"-") -> 128 | M15: {=IFERROR(INDEX('BTS_증빙'!$A$5:$A$7,1),"")} -> BUG-001 | N15: {=IFERROR(INDEX('BTS_증빙'!$C$5:$C$7,1),"")} -> Bug
A16: 환경설정 | B16: =COUNTIF($B$37:$B$171,A16) -> 31 | D16: 예외 | E16: =COUNTIF($E$37:$E$171,D16) -> 4 | G16: P2 | H16: =COUNTIF($F$37:$F$171,G16) -> 85 | J16: 관찰·후보 TC | K16: =COUNTIF($L$37:$L$171,"Observation")+COUNTIF($L$37:$L$171,"UX")+COUNTIF($L$37:$L$171,"Risk") -> 5 | M16: {=IFERROR(INDEX('BTS_증빙'!$A$5:$A$7,2),"")} -> OBS-001 | N16: {=IFERROR(INDEX('BTS_증빙'!$C$5:$C$7,2),"")} -> Observation/Risk
A17: 이벤트/보상 | B17: =COUNTIF($B$37:$B$171,A17) -> 12 | D17: 경계 | E17: =COUNTIF($E$37:$E$171,D17) -> 4 | G17: P3 | H17: =COUNTIF($F$37:$F$171,G17) -> 6 | J17: Need Spec TC | K17: =COUNTIF($L$37:$L$171,"Need Spec") -> 0 | M17: {=IFERROR(INDEX('BTS_증빙'!$A$5:$A$7,3),"")} -> UX-001 | N17: {=IFERROR(INDEX('BTS_증빙'!$C$5:$C$7,3),"")} -> UX/Observation
A18: 리그/경기 준비 | B18: =COUNTIF($B$37:$B$171,A18) -> 24 | D18: 상태전이 | E18: =COUNTIF($E$37:$E$171,D18) -> 22 | G18: 우선순위 합계 | H18: =SUM(H15:H17) -> 135 | J18: 재검증 필요 TC | K18: =COUNTIFS($K$37:$K$171,"Not Run",$L$37:$L$171,"<>Need Spec") -> 0 | M18: {=IFERROR(INDEX('BTS_증빙'!$A$5:$A$7,4),"")} | N18: {=IFERROR(INDEX('BTS_증빙'!$C$5:$C$7,4),"")}
A19: 팀 관리/라인업 | B19: =COUNTIF($B$37:$B$171,A19) -> 12 | D19: 지속성 | E19: =COUNTIF($E$37:$E$171,D19) -> 4 | G19: P1 실행률 | H19: =I11 -> 1 | J19: Fail·Blocked TC | K19: =COUNTIF($K$37:$K$171,"Fail")+COUNTIF($K$37:$K$171,"Blocked") -> 2 | M19: {=IFERROR(INDEX('BTS_증빙'!$A$5:$A$7,5),"")} | N19: {=IFERROR(INDEX('BTS_증빙'!$C$5:$C$7,5),"")}
A20: 경기 조작 | B20: =COUNTIF($B$37:$B$171,A20) -> 30 | D20: 복구 | E20: =COUNTIF($E$37:$E$171,D20) -> 7 | J20: BTS 이슈 ID | K20: =COUNTA('BTS_증빙'!$A$5:$A$7) -> 3
A21: 자동진행/경기개입 | B21: =COUNTIF($B$37:$B$171,A21) -> 12 | D21: 인터럽트 | E21: =COUNTIF($E$37:$E$171,D21) -> 3 | J21: 확인된 결함 TC | K21: =COUNTIF($L$37:$L$171,"Bug") -> 1
A22: 경기 결과/보상 | B22: =COUNTIF($B$37:$B$171,A22) -> 6 | D22: 중복입력 | E22: =COUNTIF($E$37:$E$171,D22) -> 7 | J22: BTS ID 입력 TC | K22: =COUNTIFS($M$37:$M$171,"<>-",$M$37:$M$171,"<>") -> 6
A23: 대분류 합계 | B23: =SUM(B15:B22) -> 135 | D23: 유형 합계 | E23: =SUM(E15:E22) -> 135 | J23: TC 상태 합계 | K23: =SUM(K15:K19) -> 135
A24: 분류 / 판정 기준
A25: 유형 기준 | C25: 정상: 기본 흐름 / 예외: 조건 불충족·비정상 입력 경계: 최소·최대·동일값 / 상태전이: 설정·화면·진행 변경 지속성: 재진입·재실행 후 유지 / 복구: 종료·네트워크 전환 후 복귀 인터럽트: 앱 전환·백그라운드 / 중복입력: 연속·반복 입력 | G25: 우선순위 기준 | I25: P1: 앱·경기 핵심 진행, 결과·보상·재화·저장 / P2: 주요 기능·설정·팀 관리·복구 / P3: 단순 표시·문구·낮은 영향도
A26: 결함 기준 | C26: 확인된 결함은 이슈유형이 [Bug]인 TC로 집계하며, BTS 등록 현황은 BTS 이슈 열에 BUG-/DEF- ID가 입력된 TC 수로 관리 | G26: 관찰 후보 | I26: OBS/UX 후보는 확정 결함과 분리하고, BTS 이슈 열의 후보 ID로 별도 관리
A27: 기대결과 근거 | C27: 기대결과는 화면 표시, 조작 반응, 전후 상태 비교, 반복 확인을 기준으로 작성함. 상세 기능 TC는 1행 1핵심 판정 목적을 원칙으로 하며, Smoke·End-to-End 흐름은 예외로 관리함. | G27: 판정 기준 | I27: Pass: 직접 실행 후 기대결과와 일치 / Fail: 직접 실행 후 불일치 / Blocked: 조건 구성 불가 / Not Run: 재검증 필요 / N/A: 범위 제외 / Need Spec: 화면과 직접 플레이만으로 기준 확인이 어려운 항목
A28: Test Environment · 테스트 환경
A29: 플랫폼 | B29: Android / Mobile | C29: 기기명 | D29: Galaxy S23 Ultra | E29: 모델명 | F29: SM-S918N | G29: OS | H29: Android 16 / One UI 8.5 | I29: 입력 방식 | J29: 터치 | K29: 화면 방향 | L29: 가로 고정
A30: 네트워크 | B30: 5G / SKTelecom | C30: 앱 버전 | D30: 12.3.1 | E30: 테스트 일자 | F30: 46214 | G30: 테스트 범위 | H30: 리그 초반 플레이 루프 | I30: 테스트 계정 | J30: 개인 일반 계정 | K30: 게임 언어 | L30: 한국어
A31: 보안 패치 | B31: 2026-06-05 | C31: 화면/글꼴 | D31: FHD+ 2316×1080 / 글꼴 기본값 / 화면 크기 기본값 | E31: 그래픽/사운드 | F31: 기본값 기준 | G31: 리그 상태 | H31: 초반 리그 진행 | I31: 재화 기준 | J31: 화면 표시값 비교 | K31: 테스트 기준 | L31: 직접 플레이 시점
A36: TC ID | B36: 대분류 | C36: 중분류 | D36: 소분류 | E36: 유형 | F36: 우선순위 | G36: 테스트 사전조건 | H36: 테스트 데이터/조건 | I36: 테스트 수행방법 | J36: 기대결과 | K36: 테스트 결과 | L36: 이슈유형 | M36: BTS 이슈 | N36: 비고
A37: CPB26-APP-001 | B37: 앱/로비 | C37: 앱 진입 | D37: 앱 실행·로비 진입 Smoke | E37: 정상 | F37: P1 | G37: 앱이 설치되어 있고 테스트 계정 로그인이 완료된 상태에서 앱이 종료되어 있음 | H37: 앱 버전 12.3.1 / Android 16 / 가로 화면 / 네트워크 정상 연결 | I37: 1. 앱 아이콘을 1회 탭해 앱을 실행한다. 2. 로딩 화면이 종료될 때까지 기다린다. 3. 로비 화면이 표시되는지 확인한다. 4. 로비의 계정·재화 정보 영역과 주요 메뉴 영역이 함께 표시되는지 확인한다. 5. 화면 방향이 가로로 유지되는지 확인한다. | J37: 로딩 종료 후 가로 방향의 로비 화면이 표시되어야 한다. 로비 상단의 계정·재화 정보 영역과 주요 메뉴 영역이 함께 표시되어야 하며, 빈 화면·무한 로딩·비정상 종료·세로 화면 전환이 발생하지 않아야 한다. | K37: Pass | L37: - | M37: - | N37: Smoke 확인. 세부 메뉴와 수치 검증은 기능별 TC에서 분리.
A38: CPB26-APP-002 | B38: 앱/로비 | C38: 상단 정보 | D38: 상단 정보 표시 | E38: 정상 | F38: P2 | G38: 로비 화면에 진입한 상태 | H38: 팀전력 수치 / 야구공 수량 / P 수량 / 스타 수량이 표시되는 상단 정보 영역 | I38: 1. 로비 화면 상단 정보 영역을 확인한다. 2. 팀전력 수치와 아이콘이 표시되는지 확인한다. 3. 야구공 수량과 아이콘이 표시되는지 확인한다. 4. P 수량과 스타 수량이 각각 표시되는지 확인한다. 5. 각 아이콘과 수치가 겹치거나 잘리지 않는지 확인한다. | J38: 로비 상단 정보 영역에 팀전력, 야구공, P, 스타의 아이콘과 현재 수량 또는 수치가 각각 표시되어야 한다. 각 값은 항목별로 구분되고 화면 밖으로 잘리거나 다른 UI에 가려지지 않아야 한다. | K38: Pass | L38: - | M38: -
A39: CPB26-APP-003 | B39: 앱/로비 | C39: 홈 이동 | D39: HOME 버튼 표시 | E39: 정상 | F39: P3 | G39: 환경설정 화면에 진입한 상태 | H39: 화면 좌측 상단 [HOME] 버튼 | I39: 1. 환경설정 화면 좌측 상단을 확인한다. 2. [HOME] 버튼의 집 모양 아이콘과 HOME 문구가 함께 표시되는지 확인한다. 3. 아이콘 또는 문구가 화면 밖으로 잘리거나 다른 UI와 겹치지 않는지 확인한다. | J39: 환경설정 화면 좌측 상단에 집 모양 아이콘과 HOME 문구가 포함된 [HOME] 버튼이 표시되어야 한다. 버튼의 아이콘과 문구는 모두 읽을 수 있어야 한다. | K39: Pass | L39: - | M39: -
A40: CPB26-APP-004 | B40: 앱/로비 | C40: 채팅/공지 | D40: 채팅·공지 배너 | E40: 정상 | F40: P3 | G40: 로비 화면에 진입한 상태 | H40: 화면 상단 중앙의 말풍선 아이콘과 한 줄 텍스트 배너 | I40: 1. 로비 화면 상단 중앙 영역을 확인한다. 2. 말풍선 아이콘이 표시되는지 확인한다. 3. 아이콘 옆에 한 줄 텍스트 배너가 표시되는지 확인한다. 4. 텍스트가 이동하는 경우 문구가 배너 영역 안에서 판독 가능한지 확인한다. 5. 배너가 상단 재화 정보나 주요 버튼을 가리지 않는지 확인한다. | J40: 로비 상단 중앙에 말풍선 아이콘과 한 줄 텍스트 배너가 표시되어야 한다. 배너 문구는 지정된 영역 안에서 판독 가능해야 하며 상단 재화 정보와 주요 버튼을 가리지 않아야 한다. | K40: Pass | L40: - | M40: -
A41: CPB26-APP-005 | B41: 앱/로비 | C41: 이벤트 팝업 | D41: 접속 보상 팝업 | E41: 정상 | F41: P2 | G41: 앱 접속 직후 보상 팝업이 자동 노출된 상태 | H41: 테스트 시 노출된 접속 보상 팝업 1종 / 보상 아이콘 / 수령 상태 표시 / [확인] 버튼 | I41: 1. 접속 보상 팝업의 제목 또는 보상판 영역을 확인한다. 2. 지급 대상 보상 아이콘과 수량이 표시되는지 확인한다. 3. 이미 수령한 항목과 미수령 항목의 상태가 구분되는지 확인한다. 4. 팝업 하단에 [확인] 버튼이 표시되는지 확인한다. 5. 보상 정보와 버튼 문구가 겹치거나 잘리지 않는지 확인한다. | J41: 접속 보상 팝업에 보상 아이콘과 수량, 수령 상태, [확인] 버튼이 표시되어야 한다. 수령 상태는 항목별로 구분되어야 하며 보상 정보와 버튼 문구가 서로 겹치거나 잘리지 않아야 한다. | K41: Pass | L41: - | M41: - | N41: 앱 최초 진입 과정에서 자동 노출되는 보상 팝업 기준.
A42: CPB26-APP-006 | B42: 앱/로비 | C42: 이벤트 팝업 | D42: 접속 보상 팝업 종료 후 입력 차단 해제 | E42: 복구 | F42: P2 | G42: 접속 보상 팝업에 [확인] 버튼이 표시된 상태 | H42: [확인] 버튼 / 팝업 뒤에 로비 화면이 표시된 상태 | I42: 1. 접속 보상 팝업 하단의 [확인] 버튼을 1회 탭한다. 2. 팝업이 화면에서 사라지는지 확인한다. 3. 팝업 뒤의 로비 화면이 표시되는지 확인한다. 4. 로비의 주요 메뉴 버튼 1개를 탭해 입력이 정상 처리되는지 확인한다. 5. 확인한 메뉴에서 뒤로가기를 사용해 로비로 복귀한다. | J42: [확인] 버튼 입력 후 접속 보상 팝업이 닫히고 로비 화면이 표시되어야 한다. 팝업이 투명한 입력 차단 상태로 남지 않아야 하며 로비의 주요 메뉴 버튼을 정상적으로 선택할 수 있어야 한다. | K42: Pass | L42: - | M42: - | N42: 팝업 종료 후 로비 입력 가능 상태 확인.
A43: CPB26-APP-007 | B43: 앱/로비 | C43: 개인정보 링크 | D43: 약관·개인정보 버튼 | E43: 정상 | F43: P3 | G43: 환경설정 화면에 진입한 상태 | H43: 우측 하단 `이용약관 및 개인정보 처리 방침` 버튼 표시 | I43: 1. 환경설정 화면 우측 하단을 확인한다. 2. `이용약관 및 개인정보 처리 방침` 버튼이 표시되는지 확인한다. 3. 버튼 문구가 줄바꿈되더라도 판독 가능한지 확인한다. | J43: 이용약관 및 개인정보 처리 방침 버튼은 환경설정 화면 우측 하단에 표시된다. 문구가 잘리거나 다른 버튼과 겹치지 않아야 한다. | K43: Pass | L43: - | M43: -
A44: CPB26-APP-008 | B44: 앱/로비 | C44: 개인정보 링크 | D44: 인앱 약관 화면 이동·복귀 | E44: 정상 | F44: P3 | G44: 환경설정 화면 우측 하단에 [이용약관 및 개인정보 처리 방침] 버튼이 표시된 상태 | H44: [이용약관 및 개인정보 처리 방침] 버튼 / 인앱 전용 약관 화면 / Android 뒤로가기 | I44: 1. [이용약관 및 개인정보 처리 방침] 버튼을 1회 탭한다. 2. 외부 인터넷 브라우저가 별도로 실행되지 않고 인앱 전용 약관 화면으로 이동하는지 확인한다. 3. 약관 문구가 표시되고 빈 화면·무한 로딩·중복 화면이 발생하지 않는지 확인한다. 4. Android 뒤로가기를 입력해 환경설정 화면으로 복귀되는지 확인한다. | J44: 버튼 입력 후 인앱 전용 약관 화면으로 정상 이동해야 한다. 약관 문구를 확인할 수 있어야 하며, 빈 화면·무한 로딩·중복 화면이 발생하지 않아야 한다. 뒤로가기 입력 후 환경설정 화면으로 복귀해야 한다. | K44: Pass | L44: - | M44: - | N44: 인앱 전용 약관 화면 이동과 뒤로가기 복귀 흐름 확인.
A45: CPB26-SET-001 | B45: 환경설정 | C45: 탭 구조 | D45: 환경설정 탭 | E45: 정상 | F45: P2 | G45: 환경설정 화면에 진입한 상태 | H45: 사운드 / 그래픽 / 게임 설정 / 게임 문의 / 알림 설정 탭 | I45: 1. 환경설정 화면 상단 탭 영역을 확인한다. 2. 사운드, 그래픽, 게임 설정, 게임 문의, 알림 설정 탭이 표시되는지 확인한다. 3. 선택된 탭과 비선택 탭의 표시 상태가 구분되는지 확인한다. | J45: 환경설정 화면에는 5개 탭이 가로로 표시된다. 현재 선택된 탭은 다른 탭과 구분되어야 하며, 탭 문구가 잘리지 않아야 한다. | K45: Pass | L45: - | M45: -
A46: CPB26-SET-002 | B46: 환경설정 | C46: 사운드 | D46: 사운드 항목 | E46: 정상 | F46: P2 | G46: 환경설정 화면에서 사운드 탭을 선택한 상태 | H46: 배경음 / 효과음 / 캐스터·해설 / 응원가 항목의 슬라이더와 현재 수치 | I46: 1. 환경설정 상단에서 [사운드] 탭을 1회 탭한다. 2. [배경음], [효과음], [캐스터·해설], [응원가] 항목이 각각 표시되는지 확인한다. 3. 각 항목에 슬라이더가 표시되는지 확인한다. 4. 각 슬라이더 옆에 현재 볼륨 수치가 표시되는지 확인한다. 5. 항목명, 슬라이더, 수치가 겹치거나 잘리지 않는지 확인한다. | J46: [사운드] 탭에 배경음, 효과음, 캐스터·해설, 응원가 4개 볼륨 항목이 표시되어야 한다. 각 항목에는 슬라이더와 현재 수치가 함께 표시되고 모든 문구와 수치가 읽을 수 있어야 한다. | K46: Pass | L46: - | M46: -
A47: CPB26-SET-003-A | B47: 환경설정 | C47: 사운드 | D47: 배경음 최소값 0 표시 | E47: 경계 | F47: P2 | G47: [사운드] 탭에서 배경음 슬라이더와 현재 수치가 표시된 상태 | H47: 배경음 변경 전 수치 / 목표값 0 | I47: 1. 배경음 슬라이더의 현재 수치를 확인한다. 2. 슬라이더를 왼쪽 끝으로 이동한다. 3. 배경음 수치가 0으로 표시되는지 확인한다. | J47: 배경음 슬라이더를 왼쪽 끝으로 이동하면 수치가 0으로 표시되어야 한다. | K47: Pass | L47: - | M47: - | N47: 배경음 최소값 0 표시 확인.
A48: CPB26-SET-003-B | B48: 환경설정 | C48: 사운드 | D48: 배경음 최소값 실제 적용 | E48: 상태전이 | F48: P2 | G48: [사운드] 탭에서 배경음 수치를 변경할 수 있고 로비 또는 경기 음성을 들을 수 있는 상태 | H48: 배경음 수치 0 / 로비 또는 경기 화면 | I48: 1. 배경음 슬라이더를 0으로 설정한다. 2. 로비 또는 경기 화면으로 이동한다. 3. 배경음이 음소거 또는 최소 상태로 적용되는지 확인한다. | J48: 배경음 수치가 0인 상태에서는 로비 또는 경기 화면의 배경음이 음소거 또는 최소 상태로 적용되어야 한다. | K48: Pass | L48: - | M48: - | N48: 배경음 최소값의 실제 적용 확인.
A49: CPB26-SET-003-C | B49: 환경설정 | C49: 사운드 | D49: 배경음 변경 시 다른 사운드 설정 유지 | E49: 상태전이 | F49: P2 | G49: [사운드] 탭에서 배경음·효과음·캐스터·해설·응원가 수치를 확인할 수 있는 상태 | H49: 배경음 변경 전후 / 효과음·캐스터·해설·응원가 수치 | I49: 1. 효과음·캐스터·해설·응원가의 현재 수치를 확인한다. 2. 배경음 슬라이더만 0으로 변경한다. 3. 다른 사운드 항목의 수치가 변경 전과 동일한지 비교한다. | J49: 배경음만 변경했을 때 효과음·캐스터·해설·응원가 수치는 기존 상태를 유지해야 한다. | K49: Pass | L49: - | M49: - | N49: 사운드 설정 항목 간 독립성 확인.
A50: CPB26-SET-004-A | B50: 환경설정 | C50: 사운드 | D50: 캐스터 선택 및 경기 음성 반영 | E50: 상태전이 | F50: P2 | G50: [사운드] 탭에서 캐스터를 선택할 수 있고 경기 음성을 들을 수 있는 상태 | H50: 캐스터 권성욱·강성철 / 선택 전후 경기 음성 | I50: 1. 캐스터 1명을 선택하고 선택 표시를 확인한다. 2. 경기에 진입해 선택한 캐스터의 음성이 재생되는지 확인한다. 3. 다른 캐스터로 변경한 뒤 경기 음성이 변경되는지 비교한다. | J50: 선택한 캐스터가 선택 상태로 표시되고 경기 음성에 반영되어야 한다. 다른 캐스터로 변경하면 음성 출력도 변경되어야 한다. | K50: Pass | L50: - | M50: - | N50: 캐스터 변경 후 선택 표시와 경기 음성 반영 확인.
A51: CPB26-SET-004-B | B51: 환경설정 | C51: 사운드 | D51: 해설 선택 및 경기 음성 반영 | E51: 상태전이 | F51: P2 | G51: [사운드] 탭에서 해설을 선택할 수 있고 경기 음성을 들을 수 있는 상태 | H51: 해설 장성호 / 선택 상태 / 경기 해설 음성 | I51: 1. 해설 [장성호]를 선택한다. 2. 선택 표시가 적용되는지 확인한다. 3. 경기에 진입해 선택한 해설 음성이 재생되는지 확인한다. | J51: 선택한 해설이 선택 상태로 표시되고 경기 해설 음성에 반영되어야 한다. 음성 누락이나 중복 재생이 발생하면 안 된다. | K51: Pass | L51: - | M51: - | N51: 해설 선택 상태와 실제 경기 음성 일치 확인.
A52: CPB26-SET-005-A | B52: 환경설정 | C52: 사운드 | D52: 진동 토글 연속 입력 | E52: 중복입력 | F52: P2 | G52: [사운드] 탭에서 [진동] 토글이 표시된 상태 | H52: 입력 전 진동 ON/OFF 상태 / [진동] 토글 3회 연속 입력 | I52: 1. [진동] 토글의 현재 상태를 확인한다. 2. 토글을 1초 이내에 3회 연속 탭한다. 3. 최종 ON/OFF 문구와 토글 위치가 일치하는지 확인한다. 4. 화면 멈춤이나 입력 불가가 없는지 확인한다. | J52: [진동] 토글을 빠르게 반복 입력해도 최종 ON/OFF 문구와 토글 위치가 일치해야 하며 화면 멈춤이나 입력 불가가 발생하면 안 된다. | K52: Pass | L52: - | M52: - | N52: 진동 토글 연속 입력 후 최종 상태 확인.
A53: CPB26-SET-005-B | B53: 환경설정 | C53: 사운드 | D53: 햅틱 토글 연속 입력 | E53: 중복입력 | F53: P2 | G53: [사운드] 탭에서 [햅틱] 토글이 표시된 상태 | H53: 입력 전 햅틱 ON/OFF 상태 / [햅틱] 토글 3회 연속 입력 | I53: 1. [햅틱] 토글의 현재 상태를 확인한다. 2. 토글을 1초 이내에 3회 연속 탭한다. 3. 최종 ON/OFF 문구와 토글 위치가 일치하는지 확인한다. 4. 화면 멈춤이나 입력 불가가 없는지 확인한다. | J53: [햅틱] 토글을 빠르게 반복 입력해도 최종 ON/OFF 문구와 토글 위치가 일치해야 하며 화면 멈춤이나 입력 불가가 발생하면 안 된다. | K53: Pass | L53: - | M53: - | N53: 햅틱 토글 연속 입력 후 최종 상태 확인.
A54: CPB26-SET-006 | B54: 환경설정 | C54: 그래픽 | D54: 그래픽 품질 옵션 | E54: 정상 | F54: P2 | G54: 환경설정 화면에서 그래픽 탭을 선택한 상태 | H54: 낮음 / 보통 / 높음 / 매우 높음 버튼 | I54: 1. 그래픽 탭을 확인한다. 2. 그래픽 품질 영역을 확인한다. 3. 낮음, 보통, 높음, 매우 높음 버튼이 표시되는지 확인한다. 4. 현재 선택된 옵션이 강조 표시되는지 확인한다. | J54: 그래픽 품질 옵션 4종이 표시되고 현재 선택값이 다른 옵션과 구분되어야 한다. | K54: Pass | L54: - | M54: -
A55: CPB26-SET-007 | B55: 환경설정 | C55: 그래픽 | D55: 최대 FPS 옵션 | E55: 정상 | F55: P2 | G55: 그래픽 탭이 표시된 상태 | H55: 30FPS / 60FPS 버튼 | I55: 1. 그래픽 탭의 최대 FPS 영역을 확인한다. 2. 30FPS와 60FPS 버튼이 표시되는지 확인한다. 3. 현재 선택된 FPS 옵션이 강조되어 있는지 확인한다. | J55: 최대 FPS 영역에는 30FPS와 60FPS 선택지가 표시된다. 현재 선택값은 시각적으로 구분되어야 한다. | K55: Pass | L55: - | M55: -
A56: CPB26-SET-008 | B56: 환경설정 | C56: 그래픽 | D56: 절전모드 옵션 | E56: 정상 | F56: P2 | G56: 그래픽 탭이 표시된 상태 | H56: OFF / 1분 / 5분 / 10분 버튼 | I56: 1. 그래픽 탭의 절전모드 영역을 확인한다. 2. OFF, 1분, 5분, 10분 옵션이 표시되는지 확인한다. 3. 현재 선택된 절전모드 값이 강조되어 있는지 확인한다. | J56: 절전모드 옵션은 OFF, 1분, 5분, 10분으로 표시된다. 선택값은 다른 옵션과 구분되어야 한다. | K56: Pass | L56: - | M56: -
A57: CPB26-SET-009 | B57: 환경설정 | C57: 그래픽 | D57: 빅헤드·3D 관중 설정 | E57: 정상 | F57: P2 | G57: 그래픽 탭 하단 토글 영역이 표시된 상태 | H57: 빅헤드 모드 OFF / 3D 관중 모드 ON | I57: 1. 그래픽 탭 하단 영역을 확인한다. 2. 빅헤드 모드 토글이 표시되는지 확인한다. 3. 3D 관중 모드 토글이 표시되는지 확인한다. 4. 각 토글의 현재 상태 문구를 확인한다. | J57: 빅헤드 모드와 3D 관중 모드 토글이 각각 표시된다. 현재 상태는 ON/OFF 문구와 토글 위치로 확인 가능해야 한다. | K57: Pass | L57: - | M57: -
A58: CPB26-SET-010-A | B58: 환경설정 | C58: 그래픽 | D58: 그래픽 품질 선택 전환 | E58: 상태전이 | F58: P2 | G58: [그래픽] 탭에서 [보통]과 [높음]을 선택할 수 있는 상태 | H58: 초기값 [보통] / 변경값 [높음] | I58: 1. 그래픽 품질을 [보통]으로 설정한다. 2. [높음]을 선택한다. 3. [높음]만 선택 상태로 표시되고 [보통]이 선택 해제되는지 확인한다. | J58: [높음] 선택 후 [높음]만 선택 상태로 표시되고 [보통]은 선택 해제되어야 한다. | K58: Pass | L58: - | M58: - | N58: 그래픽 품질 선택 상태 전환 확인.
A59: CPB26-SET-010-B | B59: 환경설정 | C59: 그래픽 | D59: 그래픽 품질 실제 화면 적용 | E59: 상태전이 | F59: P2 | G59: [그래픽] 탭에서 품질을 변경할 수 있고 동일한 로비 또는 경기 화면을 비교할 수 있는 상태 | H59: [보통]·[높음] / 선수 모델·관중·그라운드 표현 | I59: 1. 그래픽 품질을 [보통]으로 설정하고 화면 표현을 확인한다. 2. [높음]으로 변경한다. 3. 동일 화면에서 선수 모델·관중·그라운드 표현이 갱신되는지 비교한다. | J59: 그래픽 품질을 [높음]으로 변경하면 동일 화면의 그래픽 표현이 [보통] 상태와 구분되게 적용되어야 한다. | K59: Pass | L59: - | M59: - | N59: 보통·높음 전환 시 실제 화면 표현 차이 확인.
A60: CPB26-SET-010-C | B60: 환경설정 | C60: 그래픽 | D60: 앱 재실행 후 그래픽 품질 유지 | E60: 지속성 | F60: P2 | G60: 그래픽 품질이 [높음]으로 선택된 상태 | H60: 변경값 [높음] / 앱 완전 종료·재실행 | I60: 1. 그래픽 품질을 [높음]으로 설정한다. 2. 앱을 완전히 종료한 뒤 재실행한다. 3. [그래픽] 탭에 재진입해 [높음]이 유지되는지 확인한다. | J60: 앱 재실행 후에도 그래픽 품질 [높음] 선택값이 유지되어야 한다. | K60: Pass | L60: - | M60: - | N60: 그래픽 품질 재실행 지속성 확인.
A61: CPB26-SET-010-D | B61: 환경설정 | C61: 그래픽 | D61: 그래픽 품질 변경 시 다른 설정 유지 | E61: 상태전이 | F61: P2 | G61: [그래픽] 탭에서 최대 FPS·절전모드·빅헤드·3D 관중의 현재 상태를 확인할 수 있는 상태 | H61: 그래픽 품질 [보통]→[높음] / 다른 그래픽 설정값 | I61: 1. 최대 FPS·절전모드·빅헤드·3D 관중의 현재 상태를 확인한다. 2. 그래픽 품질을 [보통]에서 [높음]으로 변경한다. 3. 다른 그래픽 설정값이 변경 전과 동일한지 비교한다. | J61: 그래픽 품질만 변경했을 때 최대 FPS·절전모드·빅헤드·3D 관중 설정은 기존 상태를 유지해야 한다. | K61: Pass | L61: - | M61: - | N61: 그래픽 설정 항목 간 독립성 확인.
A62: CPB26-SET-011 | B62: 환경설정 | C62: 게임 설정 | D62: 플레이 방식 옵션 | E62: 정상 | F62: P2 | G62: 환경설정 화면에서 게임 설정 탭을 선택한 상태 | H62: 투수 플레이: 자동 제구 / 수동 제구 수비 플레이: 자동 수비 / 수동 수비 주루 플레이: 자동 주루 / 수동 주루 | I62: 1. 환경설정 화면 상단의 [게임 설정] 탭을 1회 탭한다. 2. [투수 플레이] 영역에 [자동 제구]와 [수동 제구] 버튼이 표시되는지 확인한다. 3. [수비 플레이] 영역에 [자동 수비]와 [수동 수비] 버튼이 표시되는지 확인한다. 4. [주루 플레이] 영역에 [자동 주루]와 [수동 주루] 버튼이 표시되는지 확인한다. 5. 각 영역에서 선택된 버튼과 선택되지 않은 버튼의 표시가 구분되는지 확인한다. | J62: [게임 설정] 탭에 투수·수비·주루 플레이 영역이 각각 표시되어야 한다. 각 영역에는 자동과 수동 선택 버튼이 1개씩 표시되어야 하며, 현재 선택된 버튼과 선택되지 않은 버튼의 상태가 시각적으로 구분되어야 한다. | K62: Pass | L62: - | M62: -
A63: CPB26-SET-012 | B63: 환경설정 | C63: 게임 설정 | D63: 경기 보조 설정 | E63: 정상 | F63: P2 | G63: 게임 설정 탭이 표시된 상태 | H63: 적용 효과 상세 안내 / 다이나믹 카메라 / 타구 궤적 토글 | I63: 1. [게임 설정] 탭 하단 영역을 확인한다. 2. [적용 효과 상세 안내] 토글이 표시되는지 확인한다. 3. [다이나믹 카메라] 토글이 표시되는지 확인한다. 4. [타구 궤적] 토글이 표시되는지 확인한다. 5. 각 토글의 ON/OFF 문구와 토글 위치 또는 강조 상태가 서로 일치하는지 확인한다. | J63: [게임 설정] 탭에 적용 효과 상세 안내, 다이나믹 카메라, 타구 궤적 토글이 각각 표시되어야 한다. 각 토글의 ON/OFF 문구와 토글 위치 또는 강조 상태가 일치하고 모두 읽을 수 있어야 한다. | K63: Pass | L63: - | M63: -
A64: CPB26-SET-013-A | B64: 환경설정 | C64: 게임 설정 | D64: 수동 제구 선택 전환 | E64: 상태전이 | F64: P2 | G64: [게임 설정] 탭의 투수 플레이가 [자동 제구]로 선택된 상태 | H64: 투수 플레이: 자동 제구→수동 제구 | I64: 1. 투수 플레이의 [수동 제구]를 1회 탭한다. 2. [수동 제구]가 선택 상태로 표시되는지 확인한다. 3. [자동 제구]가 선택 해제되는지 확인한다. | J64: [수동 제구] 선택 후 [수동 제구]만 선택 상태로 표시되고 [자동 제구]는 선택 해제되어야 한다. | K64: Pass | L64: - | M64: - | N64: 투수 플레이 선택 전환 확인.
A65: CPB26-SET-013-B | B65: 환경설정 | C65: 게임 설정 | D65: 수동 수비 선택 전환 | E65: 상태전이 | F65: P2 | G65: [게임 설정] 탭의 수비 플레이가 [자동 수비]로 선택된 상태 | H65: 수비 플레이: 자동 수비→수동 수비 | I65: 1. 수비 플레이의 [수동 수비]를 1회 탭한다. 2. [수동 수비]가 선택 상태로 표시되는지 확인한다. 3. [자동 수비]가 선택 해제되는지 확인한다. | J65: [수동 수비] 선택 후 [수동 수비]만 선택 상태로 표시되고 [자동 수비]는 선택 해제되어야 한다. | K65: Pass | L65: - | M65: - | N65: 수비 플레이 선택 전환 확인.
A66: CPB26-SET-013-C | B66: 환경설정 | C66: 게임 설정 | D66: 수동 주루 선택 전환 | E66: 상태전이 | F66: P2 | G66: [게임 설정] 탭의 주루 플레이가 [자동 주루]로 선택된 상태 | H66: 주루 플레이: 자동 주루→수동 주루 | I66: 1. 주루 플레이의 [수동 주루]를 1회 탭한다. 2. [수동 주루]가 선택 상태로 표시되는지 확인한다. 3. [자동 주루]가 선택 해제되는지 확인한다. | J66: [수동 주루] 선택 후 [수동 주루]만 선택 상태로 표시되고 [자동 주루]는 선택 해제되어야 한다. | K66: Pass | L66: - | M66: - | N66: 주루 플레이 선택 전환 확인.
A67: CPB26-SET-013-D | B67: 환경설정 | C67: 게임 설정 | D67: 게임 설정 항목 간 독립성 | E67: 상태전이 | F67: P2 | G67: [게임 설정] 탭에서 투수·수비·주루 플레이의 현재 선택값을 확인할 수 있는 상태 | H67: 수동 제구·수동 수비·수동 주루 순차 선택 / 다른 두 항목 상태 | I67: 1. 투수·수비·주루 플레이의 현재 선택값을 확인한다. 2. [수동 제구]를 선택하고 수비·주루 선택값이 유지되는지 확인한다. 3. [수동 수비]를 선택하고 투수·주루 선택값이 유지되는지 확인한다. 4. [수동 주루]를 선택하고 투수·수비 선택값이 유지되는지 확인한다. | J67: 한 설정 항목을 변경해도 다른 두 항목의 선택 상태는 임의로 변경되지 않아야 한다. | K67: Pass | L67: - | M67: - | N67: 설정 간 독립성 확인. 앱 재실행 후 유지 여부는 RISK-007에서 별도 검증.
A68: CPB26-SET-014 | B68: 환경설정 | C68: 게임 문의 | D68: 문의 접수 정보 확인 | E68: 정상 | F68: P2 | G68: 환경설정 화면에서 [게임 문의] 탭에 진입할 수 있는 상태 | H68: COM2US 로고 / CS Code / 1:1 문의 하기 / 챗봇 문의 하기 / Ver.12.3.1 표시 | I68: 1. 환경설정 화면 상단의 [게임 문의] 탭을 탭한다. 2. 화면 중앙에 COM2US 로고와 CS Code가 표시되는지 확인한다. 3. [1:1 문의 하기]와 [챗봇 문의 하기] 버튼이 각각 구분되어 표시되는지 확인한다. 4. 화면 하단에 Ver.12.3.1이 표시되는지 확인한다. 5. CS Code, 문의 버튼, 버전 정보가 서로 겹치거나 잘리지 않는지 확인한다. | J68: [게임 문의] 탭 진입 시 COM2US 로고, CS Code, [1:1 문의 하기], [챗봇 문의 하기], Ver.12.3.1 정보가 화면에 표시된다. 각 버튼과 정보는 서로 겹치거나 잘리지 않고 구분되어야 한다. | K68: Pass | L68: - | M68: -
A69: CPB26-SET-015 | B69: 환경설정 | C69: 게임 문의 | D69: 1:1 문의 화면 진입 | E69: 정상 | F69: P2 | G69: 환경설정의 [게임 문의] 탭에 진입했으며 [1:1 문의 하기] 버튼이 표시된 상태 | H69: 입력 버튼: [1:1 문의 하기] 도착 화면 제목: 1:1 문의 | I69: 1. [1:1 문의 하기] 버튼을 1회 탭한다. 2. 화면 상단에 [1:1 문의] 제목이 표시되는지 확인한다. 3. 상단에 [필독!], [게임문의], [결제문의], [계정문의], [이벤트], [기타] 분류가 표시되는지 확인한다. 4. 선택된 분류 아래에 도움말 목록이 표시되는지 확인한다. 5. 화면이 비정상 종료되거나 빈 화면으로 표시되지 않는지 확인한다. | J69: 1. [1:1 문의 하기] 버튼 입력 후 [1:1 문의] 화면으로 이동해야 한다. 2. 화면 상단에 분류 메뉴가 표시되어야 한다. 3. 선택된 분류 아래에 도움말 목록이 표시되어야 한다. 4. 화면 전환 중 비정상 종료·빈 화면·무한 로딩이 발생하지 않아야 한다. | K69: Pass | L69: - | M69: - | N69: 게임 문의 탭의 기본 표시 정보 확인
A70: CPB26-SET-016 | B70: 환경설정 | C70: 알림 설정 | D70: 알림 항목 | E70: 정상 | F70: P2 | G70: 환경설정 화면에서 알림 설정 탭을 선택한 상태 | H70: 모든 알림 / 공지 알림 / 야간 알림 / 대전 알림 토글 | I70: 1. 알림 설정 탭을 확인한다. 2. 모든 알림, 공지 알림, 야간 알림, 대전 알림 항목이 표시되는지 확인한다. 3. 각 항목 우측에 토글이 표시되는지 확인한다. 4. 토글의 ON/OFF 문구가 판독 가능한지 확인한다. | J70: 알림 설정 탭에는 4개 알림 항목과 각 항목의 토글 상태가 표시된다. 항목명과 토글이 서로 겹치지 않아야 한다. | K70: Pass | L70: - | M70: -
A71: CPB26-SET-017 | B71: 환경설정 | C71: 알림 설정 | D71: 알림 안내 문구 | E71: 정상 | F71: P3 | G71: 알림 설정 탭이 표시된 상태 | H71: 하단 시스템 내 설정 확인 안내 문구 | I71: 1. 알림 설정 탭 하단 영역을 확인한다. 2. 알림이 오지 않을 경우 시스템 내 설정을 확인하라는 안내 문구가 표시되는지 확인한다. 3. 안내 문구가 화면 하단 버튼과 겹치지 않는지 확인한다. | J71: 알림 설정 탭 하단에는 시스템 내 설정 확인 안내 문구가 표시된다. 문구가 잘리거나 다른 UI와 겹치면 안 된다. | K71: Pass | L71: - | M71: -
A72: CPB26-SET-018-A | B72: 환경설정 | C72: 알림 설정 | D72: 대전 알림 ON·OFF 전환 | E72: 상태전이 | F72: P2 | G72: [알림 설정] 탭에서 [대전 알림] 토글이 표시된 상태 | H72: 대전 알림 ON→OFF | I72: 1. [대전 알림]의 현재 상태를 확인한다. 2. [대전 알림]을 OFF로 변경한다. 3. OFF 문구와 토글 위치가 일치하는지 확인한다. | J72: [대전 알림]을 OFF로 변경하면 OFF 문구와 토글 위치가 일치해야 한다. | K72: Pass | L72: - | M72: - | N72: 대전 알림 선택 상태 전환 확인.
A73: CPB26-SET-018-B | B73: 환경설정 | C73: 알림 설정 | D73: 대전 알림 변경 시 다른 알림 유지 | E73: 상태전이 | F73: P2 | G73: [알림 설정] 탭에서 대전 알림과 다른 알림 항목의 현재 상태를 확인할 수 있는 상태 | H73: 대전 알림 ON→OFF / 다른 알림 항목 | I73: 1. 다른 알림 항목의 현재 상태를 확인한다. 2. [대전 알림]만 OFF로 변경한다. 3. 다른 알림 항목이 변경 전 상태를 유지하는지 비교한다. | J73: [대전 알림]만 변경했을 때 다른 알림 항목은 기존 상태를 유지해야 한다. | K73: Pass | L73: - | M73: - | N73: 알림 설정 항목 간 독립성 확인.
A74: CPB26-SET-018-C | B74: 환경설정 | C74: 알림 설정 | D74: 앱 재실행 후 대전 알림 유지 | E74: 지속성 | F74: P2 | G74: [대전 알림]이 OFF로 설정된 상태 | H74: 대전 알림 OFF / 앱 완전 종료·재실행 | I74: 1. [대전 알림]을 OFF로 설정한다. 2. 앱을 완전히 종료한 뒤 재실행한다. 3. [알림 설정]에 재진입해 [대전 알림] OFF가 유지되는지 확인한다. | J74: 앱 재실행 후에도 [대전 알림] OFF 설정이 유지되어야 한다. | K74: Pass | L74: - | M74: - | N74: 대전 알림 재실행 지속성 확인.
A75: CPB26-EVENT-001 | B75: 이벤트/보상 | C75: 출석/이벤트 | D75: 접속 보상판 | E75: 정상 | F75: P2 | G75: 이벤트/보상 메뉴에서 사용자가 접속 보상판에 진입한 상태 | H75: 보상 아이콘 / 보상 수량 / 수령 완료 체크 표시 / [확인] 버튼 | I75: 1. 접속 보상판의 보상 항목 영역을 확인한다. 2. 각 항목에 보상 아이콘과 수량이 표시되는지 확인한다. 3. 수령 완료 항목에 체크 표시가 표시되고 미수령 항목과 구분되는지 확인한다. 4. 화면 하단에 [확인] 버튼이 표시되는지 확인한다. 5. 보상 아이콘, 수량, 상태 표시, 버튼 문구가 서로 겹치거나 잘리지 않는지 확인한다. | J75: 접속 보상판에 보상 아이콘과 수량, 수령 완료 체크 표시, [확인] 버튼이 표시되어야 한다. 수령 완료와 미수령 상태가 항목별로 구분되고 모든 정보가 읽을 수 있어야 한다. | K75: Pass | L75: - | M75: - | N75: 이벤트 메뉴에서 직접 진입한 보상판 기준.
A76: CPB26-EVENT-002 | B76: 이벤트/보상 | C76: 출석/이벤트 | D76: 접속 보상판 종료 후 이전 화면 입력 | E76: 복구 | F76: P2 | G76: 접속 보상판 하단에 [확인] 버튼이 표시된 상태 | H76: [확인] 버튼 / 보상판 뒤의 이전 화면 | I76: 1. 접속 보상판 하단의 [확인] 버튼을 1회 탭한다. 2. 접속 보상판이 화면에서 사라지는지 확인한다. 3. 보상판 뒤의 이전 화면이 표시되는지 확인한다. 4. 이전 화면의 버튼 1개를 탭해 입력이 정상 처리되는지 확인한다. | J76: [확인] 버튼 입력 후 접속 보상판이 닫히고 이전 화면이 표시되어야 한다. 보상판이 입력을 차단하는 상태로 남지 않아야 하며 이전 화면의 버튼을 정상적으로 조작할 수 있어야 한다. | K76: Pass | L76: - | M76: - | N76: 보상판 종료 후 이전 화면 입력 가능 상태 확인.
A77: CPB26-EVENT-003 | B77: 이벤트/보상 | C77: 도전 과제 | D77: 도전 과제 성공 팝업 | E77: 정상 | F77: P2 | G77: 경기 중 도전 과제 조건이 달성되어 성공 팝업이 표시된 상태 | H77: SUCCESS 문구 / 과제명 [3구 삼진] / 보상 [P 100] / [확인] 버튼 | I77: 1. 도전 과제 성공 팝업을 확인한다. 2. SUCCESS 문구가 표시되는지 확인한다. 3. 과제명 [3구 삼진]이 표시되는지 확인한다. 4. 보상 [P 100]이 표시되는지 확인한다. 5. 팝업 하단에 [확인] 버튼이 표시되는지 확인한다. 6. 문구·보상 수량·버튼이 서로 겹치거나 잘리지 않는지 확인한다. | J77: 도전 과제 성공 팝업에 SUCCESS, 과제명 [3구 삼진], 보상 [P 100], [확인] 버튼이 표시되어야 한다. 각 문구와 수량은 겹치거나 잘리지 않아야 한다. | K77: Pass | L77: - | M77: -
A78: CPB26-EVENT-004 | B78: 이벤트/보상 | C78: 도전 과제 | D78: 도전 과제 보상 반영 | E78: 정상 | F78: P1 | G78: 도전 과제 [3구 삼진]이 미달성 상태이고, 경기 중 해당 조건을 재현할 수 있으며 로비 상단 P 수량을 확인 가능한 상태 | H78: 과제명: 3구 삼진 표시 보상: P 100 달성 전 P 수량과 달성 후 P 수량 비교 | I78: 1. 로비 상단의 현재 P와 [3구 삼진] 성공 팝업의 보상 [P 100]을 확인한다. 2. 성공 팝업의 [확인] 버튼을 탭해 닫는다. 3. 로비로 복귀한 뒤 P가 이전보다 100 증가했는지 화면에서 비교한다. | J78: [3구 삼진] 달성 팝업에 P 100 보상이 표시되어야 한다. 로비 복귀 후 P 수량은 달성 전보다 정확히 100 증가해야 하며 0 증가·100 미만/초과 증가·중복 200 증가가 발생하지 않아야 한다. | K78: Pass | L78: - | M78: -
A79: CPB26-COLL-001 | B79: 이벤트/보상 | C79: 컬렉션 | D79: 컬렉션 탭 | E79: 정상 | F79: P2 | G79: 컬렉션 화면에 진입한 상태 | H79: 선수 카드 컬렉션 / 레전드 카드 컬렉션 / 다이나믹스킨 컬렉션 탭 | I79: 1. 컬렉션 화면 상단 탭 영역을 확인한다. 2. 선수 카드 컬렉션, 레전드 카드 컬렉션, 다이나믹스킨 컬렉션 탭이 표시되는지 확인한다. 3. 선택된 탭이 구분되어 표시되는지 확인한다. | J79: 컬렉션 화면에는 3개 컬렉션 탭이 표시된다. 선택 상태와 미선택 상태가 구분되어야 한다. | K79: Pass | L79: - | M79: -
A80: CPB26-COLL-002 | B80: 이벤트/보상 | C80: 컬렉션 | D80: 포지션 컬렉션 진행도 | E80: 정상 | F80: P2 | G80: 컬렉션 화면에서 [선수 카드 컬렉션] 탭의 포지션 컬렉션 영역이 표시된 상태 | H80: 포지션 컬렉션 항목 / 현재 진행도 수치 / 진행 바 / 단계 보상 아이콘·수량 | I80: 1. 포지션 컬렉션 항목명을 확인한다. 2. 현재 진행도 수치와 진행 바가 함께 표시되는지 확인한다. 3. 진행도 단계별 보상 아이콘과 수량이 표시되는지 확인한다. 4. 현재 달성 단계와 미달성 단계가 시각적으로 구분되는지 확인한다. 5. 항목명, 진행도, 보상 아이콘과 수량이 서로 겹치거나 잘리지 않는지 확인한다. | J80: 포지션 컬렉션 영역에 항목명, 현재 진행도 수치, 진행 바, 단계별 보상 아이콘과 수량이 표시되어야 한다. 달성·미달성 단계가 구분되고 모든 정보가 읽을 수 있어야 한다. | K80: Pass | L80: - | M80: -
A81: CPB26-CHAL-001 | B81: 이벤트/보상 | C81: 도전 과제 | D81: 일일미션 목록 | E81: 정상 | F81: P2 | G81: 도전 과제 화면의 [일일미션] 탭에 진입한 상태 | H81: 게임 접속 / 카드팩 오픈 / 리그 모드 플레이 미션 / 진행도 / [바로가기]·[획득]·수령 완료 상태 / 누적 보상 | I81: 1. [일일미션] 탭에서 미션 목록을 확인한다. 2. 각 미션 행에 미션명과 현재/목표 진행도가 표시되는지 확인한다. 3. 미달성 미션에는 [바로가기] 버튼 또는 진행 중 상태가 표시되는지 확인한다. 4. 달성·미수령 미션에는 [획득] 버튼이 표시되는지 확인한다. 5. 수령 완료 미션에는 완료 상태가 표시되는지 확인한다. 6. 화면 상단 또는 하단의 누적 보상 진행도와 보상 항목이 표시되는지 확인한다. | J81: 일일미션 목록의 각 행에 미션명과 진행도가 표시되어야 한다. 미달성·달성 미수령·수령 완료 상태는 [바로가기], [획득], 완료 표시 등으로 서로 구분되어야 한다. 누적 보상 진행도와 보상 항목도 읽을 수 있어야 한다. | K81: Pass | L81: - | M81: -
A82: CPB26-CHAL-002 | B82: 이벤트/보상 | C82: 도전 과제 | D82: 업적 달성도 | E82: 정상 | F82: P2 | G82: 도전 과제 화면의 업적 과제 탭에 진입한 상태 | H82: 전체 달성도 / 리그 모드·선수 강화 등 분류 카드 | I82: 1. [업적 과제] 탭에서 전체 달성도 수치와 진행 바를 확인한다. 2. 리그 모드, 선수 강화 등 분류별 업적 카드가 표시되는지 확인한다. 3. 각 분류 카드에 현재 진행도 또는 달성률이 표시되는지 확인한다. 4. 각 분류 카드의 보상 아이콘과 수량이 표시되는지 확인한다. 5. 달성도, 카드명, 보상 정보가 서로 겹치거나 잘리지 않는지 확인한다. | J82: [업적 과제] 탭에 전체 달성도 수치와 진행 바, 분류별 업적 카드, 분류별 진행도, 보상 아이콘과 수량이 표시되어야 한다. 각 정보가 겹치거나 잘리지 않아야 한다. | K82: Pass | L82: - | M82: -
A83: CPB26-CHAL-003 | B83: 이벤트/보상 | C83: 도전 과제 | D83: 리그 모드 바로가기 | E83: 정상 | F83: P2 | G83: 일일미션 화면에 [리그 모드 플레이] 미션과 [바로가기] 버튼이 표시된 상태 | H83: 대상 미션: 리그 모드 플레이 대상 버튼: 해당 미션 행의 [바로가기] | I83: 1. 일일미션 화면에서 [리그 모드 플레이] 미션 행을 확인한다. 2. 해당 행의 [바로가기] 버튼을 1회 탭한다. 3. 리그 진행 화면으로 이동하는지 확인한다. 4. 리그 화면에 현재 리그 정보와 [게임 시작] 버튼이 표시되는지 확인한다. 5. Android 뒤로가기를 1회 입력한다. 6. 일일미션 화면으로 복귀하고 [리그 모드 플레이] 미션 행이 다시 표시되는지 확인한다. | J83: [리그 모드 플레이] 미션의 [바로가기] 입력 후 리그 진행 화면으로 이동해야 한다. 도착 화면에 현재 리그 정보와 [게임 시작] 버튼이 표시되어야 한다. 뒤로가기 후 일일미션 화면으로 복귀하고 대상 미션 행이 유지되어야 한다. | K83: Pass | L83: - | M83: -
A84: CPB26-CHAL-004 | B84: 이벤트/보상 | C84: 도전 과제 | D84: 일일미션 보상 중복 수령 방지 | E84: 중복입력 | F84: P1 | G84: P 보상을 지급하는 일일미션 1개가 달성되어 [획득] 버튼이 활성화되어 있고 로비 상단 P 수량을 확인 가능한 상태 | H84: 대상: P 보상을 지급하는 달성된 일일미션 1개 확인값: 수령 전 P 수량 / 미션에 표시된 P 보상 수량 / 수령 후 P 수량 | I84: 1. 대상 미션의 P 보상과 로비 상단의 현재 P를 확인한다. 2. [획득] 버튼을 1회 탭한다. 3. 미션이 수령 완료 상태로 변경되는지 확인한다. 4. 로비의 P가 표시 보상만큼 증가했는지 이전 화면과 비교한다. 5. 동일 미션 보상을 다시 수령할 수 없는지 확인한다. | J84: [획득] 입력 후 대상 미션은 수령 완료 상태가 되어야 한다. P 수량은 미션에 표시된 보상 수량만큼 증가해야 한다. 동일 미션의 보상을 다시 수령할 수 없어야 하며 보상 누락·과소 지급·과다 지급·중복 지급이 발생하지 않아야 한다. | K84: Pass | L84: - | M84: - | N84: 보상 수령 후 동일 미션 재수령 방지 확인.
A85: CPB26-LEAGUE-001 | B85: 리그/경기 준비 | C85: 리그 화면 | D85: 리그 진행 화면 | E85: 정상 | F85: P2 | G85: 로비에서 리그 모드에 진입해 현재 리그 진행 화면이 표시된 상태 | H85: 현재 시즌 또는 리그 정보 / 다음 경기 상대 정보 / 경기 진행 상태 / [게임 시작] 버튼 영역 | I85: 1. 리그 진행 화면 상단의 시즌 또는 리그 정보를 확인한다. 2. 다음 경기의 상대 구단명 또는 대진 카드가 표시되는지 확인한다. 3. 현재 경기 진행 상태 또는 경기 차수가 표시되는지 확인한다. 4. [게임 시작] 버튼 영역이 표시되는지 확인한다. 5. 상단 리그 정보, 대진 카드, 버튼 영역이 겹치거나 잘리지 않는지 확인한다. | J85: 리그 진행 화면에 현재 시즌·리그 정보, 다음 경기 상대 정보, 경기 진행 상태, [게임 시작] 버튼 영역이 표시되어야 한다. 각 정보와 버튼은 겹치거나 잘리지 않아야 한다. | K85: Pass | L85: - | M85: -
A86: CPB26-LEAGUE-002 | B86: 리그/경기 준비 | C86: 경기 일정 | D86: 리그 일정 | E86: 정상 | F86: P2 | G86: 리그 화면에서 [일정] 또는 캘린더 메뉴를 통해 리그 일정 화면에 진입한 상태 | H86: 현재 표시 월 / 완료된 경기 날짜 1개 / 해당 날짜의 승·패·상대 구단·스코어 | I86: 1. 리그 일정 화면 상단에서 현재 표시 월을 확인한다. 2. 월별 캘린더에 날짜 칸이 순서대로 표시되는지 확인한다. 3. 완료된 경기 날짜 1개를 선택한다. 4. 선택한 날짜 칸에 승 또는 패 상태가 표시되는지 확인한다. 5. 상세 영역에 해당 경기의 상대 구단과 최종 스코어가 표시되는지 확인한다. 6. 날짜 칸의 승·패 표시가 상세 영역의 최종 스코어와 일치하는지 확인한다. 7. 날짜 숫자와 결과 표시, 상세 정보가 서로 겹치거나 잘리지 않는지 확인한다. | J86: 리그 일정 화면에 현재 월의 날짜가 캘린더 형태로 표시되어야 한다. 완료된 경기 날짜 선택 시 해당 날짜의 승·패 상태, 상대 구단, 최종 스코어가 상세 영역에 표시되어야 하며 승·패 표시와 스코어 결과가 일치해야 한다. | K86: Pass | L86: - | M86: -
A87: CPB26-LEAGUE-003 | B87: 리그/경기 준비 | C87: 리그 기록 | D87: 리그 순위·기록 | E87: 정상 | F87: P2 | G87: 리그 화면에서 순위 또는 기록표 화면에 진입한 상태 | H87: 구단명 / 경기 수 / 승 / 패 / 승률 열 / 사용자 구단 행 | I87: 1. 리그 기록표의 열 제목을 확인한다. 2. [구단명], [경기 수], [승], [패], [승률] 열이 표시되는지 확인한다. 3. 각 구단이 한 행씩 표시되고 각 기록 값이 해당 열 아래에 정렬되는지 확인한다. 4. 사용자 구단의 행이 강조 표시 또는 별도 표식으로 구분되는지 확인한다. 5. 숫자와 구단명이 인접한 행·열로 밀리거나 잘리지 않는지 확인한다. | J87: 리그 기록표에 구단명, 경기 수, 승, 패, 승률 열과 구단별 행이 표시되어야 한다. 각 값은 올바른 행과 열에 정렬되어야 하며 사용자 구단 행은 다른 구단과 구분되어야 한다. | K87: Pass | L87: - | M87: -
A88: CPB26-LEAGUE-004 | B88: 리그/경기 준비 | C88: 경기 시작 조건 | D88: 경기 시작 정보 | E88: 정상 | F88: P2 | G88: 리그경기 준비 화면에 진입한 상태 | H88: [게임 시작] 버튼 / 야구공 아이콘과 현재 수량 / [다음 충전까지] 문구와 남은 시간 | I88: 1. 리그경기 준비 화면 우측 하단의 [게임 시작] 버튼을 확인한다. 2. 야구공 아이콘과 현재 수량이 함께 표시되는지 확인한다. 3. [다음 충전까지] 문구와 남은 시간이 함께 표시되는지 확인한다. 4. 야구공 수량과 충전 시간이 숫자로 판독 가능한지 확인한다. 5. [게임 시작] 버튼, 야구공 수량, 충전 시간이 겹치거나 잘리지 않는지 확인한다. | J88: 리그경기 준비 화면에 [게임 시작] 버튼, 야구공 아이콘과 현재 수량, [다음 충전까지] 문구와 남은 시간이 표시되어야 한다. 각 값은 서로 구분되고 읽을 수 있어야 한다. | K88: Pass | L88: - | M88: -
A89: CPB26-LEAGUE-005 | B89: 리그/경기 준비 | C89: 경기 시작 | D89: 대진 화면 진입 | E89: 정상 | F89: P1 | G89: 리그경기 준비 화면에 [게임 시작] 버튼이 활성화되어 있고 경기 시작에 필요한 야구공을 보유한 상태 | H89: [게임 시작] 버튼 / 네트워크 정상 연결 / 야구공 1개 이상 | I89: 1. 리그경기 준비 화면에서 [게임 시작] 버튼이 활성화되어 있는지 확인한다. 2. [게임 시작] 버튼을 1회 탭한다. 3. 로딩이 끝날 때까지 기다린다. 4. 대진 화면이 표시되는지 확인한다. 5. 대진 화면에 양 팀 정보와 [공격만 플레이], [전체 플레이], [수비만 플레이] 버튼 영역이 표시되는지 확인한다. | J89: [게임 시작] 입력 후 로딩을 거쳐 대진 화면으로 전환되어야 한다. 대진 화면에는 양 팀 정보와 플레이 방식 3종 버튼 영역이 표시되어야 하며, 빈 화면·무한 로딩·비정상 종료가 발생하지 않아야 한다. | K89: Pass | L89: - | M89: -
A90: CPB26-MATCH-001 | B90: 리그/경기 준비 | C90: 대진 화면 | D90: 대진 팀 정보 | E90: 정상 | F90: P2 | G90: 리그경기 준비 화면에서 다음 경기 상대를 확인한 뒤 [게임 시작]을 입력해 대진 화면에 진입한 상태 | H90: 리그경기 준비 화면의 사용자 구단명·상대 구단명 / 대진 화면의 양 팀 순위·승·패 | I90: 1. 리그경기 준비 화면에서 사용자 구단명과 상대 구단명을 확인한다. 2. [게임 시작]을 입력해 대진 화면으로 이동한다. 3. 대진 화면의 양 팀명이 준비 화면과 일치하는지 비교한다. 4. 각 팀의 로고·순위·승·패가 팀별로 구분되고 겹치거나 잘리지 않는지 확인한다. | J90: 대진 화면의 양 팀 구단명은 리그경기 준비 화면에서 확인한 사용자 구단과 상대 구단과 일치해야 한다. 각 팀의 로고 또는 구단 표식, 순위, 승, 패가 해당 팀 영역에 표시되고 플레이 방식 버튼과 겹치지 않아야 한다. | K90: Pass | L90: - | M90: -
A91: CPB26-MATCH-002 | B91: 리그/경기 준비 | C91: 플레이 방식 | D91: 플레이 방식 버튼 | E91: 정상 | F91: P2 | G91: 대진 화면에 진입한 상태 | H91: 공격만 플레이 / 전체 플레이 / 수비만 플레이 버튼 | I91: 1. 대진 화면 하단의 플레이 방식 선택 영역을 확인한다. 2. [공격만 플레이] 버튼이 표시되는지 확인한다. 3. [전체 플레이] 버튼이 표시되는지 확인한다. 4. [수비만 플레이] 버튼이 표시되는지 확인한다. 5. 세 버튼의 문구와 선택 영역이 겹치거나 잘리지 않는지 확인한다. | J91: 대진 화면 하단에 [공격만 플레이], [전체 플레이], [수비만 플레이] 버튼이 각각 표시되어야 한다. 세 버튼의 문구와 선택 영역은 서로 구분되고 읽을 수 있어야 한다. | K91: Pass | L91: - | M91: -
A92: CPB26-MATCH-003-A | B92: 리그/경기 준비 | C92: 플레이 방식 | D92: 공격만 플레이 공격 반이닝 타격 UI | E92: 정상 | F92: P1 | G92: 대진 화면에서 [공격만 플레이]를 선택하고 경기를 시작할 수 있는 상태 | H92: [공격만 플레이] / 사용자 팀 첫 공격 반이닝 | I92: 1. [공격만 플레이]를 선택하고 경기를 시작한다. 2. 사용자 팀의 첫 공격 반이닝까지 진행한다. 3. [스윙], [L번트], [R번트]가 포함된 타격 UI가 표시되는지 확인한다. | J92: [공격만 플레이] 선택 후 사용자 팀의 공격 반이닝에는 수동 타격 UI가 표시되어야 한다. | K92: Pass | L92: - | M92: - | N92: 공격 반이닝 수동 타격 UI 노출 확인.
A93: CPB26-MATCH-003-B | B93: 리그/경기 준비 | C93: 플레이 방식 | D93: 공격만 플레이 수비 반이닝 자동진행 전환 | E93: 상태전이 | F93: P1 | G93: [공격만 플레이]로 경기 중이며 사용자 팀의 공격 반이닝이 진행 중인 상태 | H93: 사용자 팀 공격 반이닝 종료→첫 수비 반이닝 | I93: 1. 사용자 팀의 공격 반이닝을 종료한다. 2. 첫 수비 반이닝이 시작될 때 화면 전환을 확인한다. 3. 자동진행 화면으로 전환되는지 확인한다. | J93: [공격만 플레이]에서는 사용자 팀의 수비 반이닝 시작 시 자동진행 화면으로 전환되어야 한다. | K93: Pass | L93: - | M93: - | N93: 수비 반이닝 자동진행 전환 확인.
A94: CPB26-MATCH-003-C | B94: 리그/경기 준비 | C94: 플레이 방식 | D94: 공격만 플레이 수비 반이닝 수동 투구 UI 미노출 | E94: 정상 | F94: P1 | G94: [공격만 플레이]로 사용자 팀 수비 반이닝의 자동진행 화면이 표시된 상태 | H94: 구종·투구 위치·투구 버튼 | I94: 1. 사용자 팀 수비 반이닝의 자동진행 화면을 확인한다. 2. 구종 선택, 투구 위치, 투구 버튼이 자동으로 표시되지 않는지 확인한다. | J94: [공격만 플레이]의 수비 반이닝에서는 수동 투구 UI가 자동으로 노출되지 않아야 한다. | K94: Pass | L94: - | M94: - | N94: 반대 조작 UI 미노출 확인.
A95: CPB26-MATCH-003-D | B95: 리그/경기 준비 | C95: 플레이 방식 | D95: 공격만 플레이 수비 자동진행 경기 개입 버튼 | E95: 정상 | F95: P1 | G95: [공격만 플레이]로 사용자 팀 수비 반이닝의 자동진행 화면이 표시된 상태 | H95: 자동진행 화면 / [경기 개입] 버튼 | I95: 1. 사용자 팀 수비 반이닝의 자동진행 화면을 확인한다. 2. [경기 개입] 버튼이 표시되는지 확인한다. 3. 버튼 문구와 요구 P가 판독 가능한지 확인한다. | J95: 수비 반이닝 자동진행 화면에는 [경기 개입] 버튼이 표시되어야 하며 문구와 요구 P를 확인할 수 있어야 한다. | K95: Pass | L95: - | M95: - | N95: 자동진행 화면의 경기 개입 버튼 노출 확인.
A96: CPB26-MATCH-004-A | B96: 리그/경기 준비 | C96: 플레이 방식 | D96: 수비만 플레이 수비 반이닝 투구 UI | E96: 정상 | F96: P1 | G96: 대진 화면에서 [수비만 플레이]를 선택하고 경기를 시작할 수 있는 상태 | H96: [수비만 플레이] / 사용자 팀 첫 수비 반이닝 | I96: 1. [수비만 플레이]를 선택하고 경기를 시작한다. 2. 사용자 팀의 첫 수비 반이닝까지 진행한다. 3. 구종 선택, 투구 위치, 투구 버튼이 포함된 수동 투구 UI가 표시되는지 확인한다. | J96: [수비만 플레이] 선택 후 사용자 팀의 수비 반이닝에는 수동 투구 UI가 표시되어야 한다. | K96: Pass | L96: - | M96: - | N96: 수비 반이닝 수동 투구 UI 노출 확인.
A97: CPB26-MATCH-004-B | B97: 리그/경기 준비 | C97: 플레이 방식 | D97: 수비만 플레이 공격 반이닝 자동진행 전환 | E97: 상태전이 | F97: P1 | G97: [수비만 플레이]로 경기 중이며 사용자 팀의 수비 반이닝이 진행 중인 상태 | H97: 사용자 팀 수비 반이닝 종료→첫 공격 반이닝 | I97: 1. 사용자 팀의 수비 반이닝을 종료한다. 2. 첫 공격 반이닝이 시작될 때 화면 전환을 확인한다. 3. 자동진행 화면으로 전환되는지 확인한다. | J97: [수비만 플레이]에서는 사용자 팀의 공격 반이닝 시작 시 자동진행 화면으로 전환되어야 한다. | K97: Pass | L97: - | M97: - | N97: 공격 반이닝 자동진행 전환 확인.
A98: CPB26-MATCH-004-C | B98: 리그/경기 준비 | C98: 플레이 방식 | D98: 수비만 플레이 공격 반이닝 수동 타격 UI 미노출 | E98: 정상 | F98: P1 | G98: [수비만 플레이]로 사용자 팀 공격 반이닝의 자동진행 화면이 표시된 상태 | H98: [스윙]·[L번트]·[R번트] 버튼 | I98: 1. 사용자 팀 공격 반이닝의 자동진행 화면을 확인한다. 2. [스윙], [L번트], [R번트] 버튼이 자동으로 표시되지 않는지 확인한다. | J98: [수비만 플레이]의 공격 반이닝에서는 수동 타격 UI가 자동으로 노출되지 않아야 한다. | K98: Pass | L98: - | M98: - | N98: 반대 조작 UI 미노출 확인.
A99: CPB26-MATCH-004-D | B99: 리그/경기 준비 | C99: 플레이 방식 | D99: 수비만 플레이 공격 자동진행 경기 개입 버튼 | E99: 정상 | F99: P1 | G99: [수비만 플레이]로 사용자 팀 공격 반이닝의 자동진행 화면이 표시된 상태 | H99: 자동진행 화면 / [경기 개입] 버튼 | I99: 1. 사용자 팀 공격 반이닝의 자동진행 화면을 확인한다. 2. [경기 개입] 버튼이 표시되는지 확인한다. 3. 버튼 문구와 요구 P가 판독 가능한지 확인한다. | J99: 공격 반이닝 자동진행 화면에는 [경기 개입] 버튼이 표시되어야 하며 문구와 요구 P를 확인할 수 있어야 한다. | K99: Pass | L99: - | M99: - | N99: 자동진행 화면의 경기 개입 버튼 노출 확인.
A100: CPB26-MATCH-005-A | B100: 리그/경기 준비 | C100: 플레이 방식 | D100: 전체 플레이 공격 반이닝 타격 UI | E100: 정상 | F100: P1 | G100: 대진 화면에서 [전체 플레이]를 선택하고 경기를 시작할 수 있는 상태 | H100: [전체 플레이] / 사용자 팀 첫 공격 반이닝 | I100: 1. [전체 플레이]를 선택하고 경기를 시작한다. 2. 사용자 팀의 첫 공격 반이닝까지 진행한다. 3. [스윙], [L번트], [R번트]가 포함된 수동 타격 UI가 표시되는지 확인한다. | J100: [전체 플레이] 선택 후 사용자 팀의 공격 반이닝에는 수동 타격 UI가 표시되어야 한다. | K100: Pass | L100: - | M100: - | N100: 전체 플레이 공격 반이닝 타격 UI 확인.
A101: CPB26-MATCH-005-B | B101: 리그/경기 준비 | C101: 플레이 방식 | D101: 전체 플레이 수비 반이닝 투구 UI | E101: 정상 | F101: P1 | G101: [전체 플레이]로 경기 중이며 사용자 팀의 수비 반이닝까지 진행할 수 있는 상태 | H101: [전체 플레이] / 사용자 팀 첫 수비 반이닝 | I101: 1. 사용자 팀의 첫 수비 반이닝까지 진행한다. 2. 구종 선택, 투구 위치, 투구 버튼이 포함된 수동 투구 UI가 표시되는지 확인한다. | J101: [전체 플레이] 선택 후 사용자 팀의 수비 반이닝에는 수동 투구 UI가 표시되어야 한다. | K101: Pass | L101: - | M101: - | N101: 전체 플레이 수비 반이닝 투구 UI 확인.
A102: CPB26-MATCH-005-C | B102: 리그/경기 준비 | C102: 플레이 방식 | D102: 전체 플레이 반이닝 전환 방식 유지 | E102: 상태전이 | F102: P1 | G102: [전체 플레이]로 공격 또는 수비 반이닝이 진행 중인 상태 | H102: 공격↔수비 반이닝 전환 / 자동진행 미선택 | I102: 1. 공격 반이닝 종료 후 수비 반이닝으로 전환되는 흐름을 확인한다. 2. 수비 반이닝 종료 후 공격 반이닝으로 전환되는 흐름을 확인한다. 3. 사용자가 자동진행을 선택하지 않은 상태에서 자동진행 화면으로 강제 전환되지 않는지 확인한다. | J102: [전체 플레이] 상태에서는 공격·수비 반이닝 전환 후에도 수동 플레이 방식이 유지되고 자동진행 화면으로 강제 전환되지 않아야 한다. | K102: Pass | L102: - | M102: - | N102: 전체 플레이 반이닝 전환 방식 유지 확인.
A103: CPB26-MATCH-006 | B103: 리그/경기 준비 | C103: 선발 정보 | D103: STARTING LINEUP | E103: 정상 | F103: P2 | G103: 플레이 방식 선택 후 경기 진입 과정에서 [STARTING LINEUP] 화면이 표시된 상태 | H103: [STARTING LINEUP] 제목 / 타순 1~9 / SP 행 / 선수명·포지션 / 우측 선수 카드 상세 | I103: 1. 화면 상단의 [STARTING LINEUP] 제목을 확인한다. 2. 타순 1번부터 9번까지 9개 행이 순서대로 표시되는지 확인한다. 3. 각 타순 행에 선수명과 포지션이 표시되는지 확인한다. 4. 선발 투수를 나타내는 SP 행이 표시되는지 확인한다. 5. 우측에 선택 선수 카드 또는 상세 정보 영역이 표시되는지 확인한다. 6. 타순, SP 행, 상세 정보가 서로 겹치거나 잘리지 않는지 확인한다. | J103: [STARTING LINEUP] 화면에 1~9번 타순 9개 행과 SP 행이 표시되어야 한다. 각 행의 선수명·포지션과 우측 선수 카드 또는 상세 정보가 판독 가능해야 하며 UI가 서로 겹치거나 잘리지 않아야 한다. | K103: Pass | L103: - | M103: -
A104: CPB26-MATCH-007 | B104: 리그/경기 준비 | C104: 선발 정보 | D104: DEFENSIVE LINEUP | E104: 정상 | F104: P2 | G104: 경기 진입 과정에서 [DEFENSIVE LINEUP] 화면이 표시된 상태 | H104: LF / CF / RF / SS / 2B / 3B / 1B / SP / C 포지션 라벨과 배치 선수명 | I104: 1. 화면 상단의 [DEFENSIVE LINEUP] 제목을 확인한다. 2. 필드 위에 LF, CF, RF, SS, 2B, 3B, 1B, SP, C 포지션 라벨이 표시되는지 확인한다. 3. 각 포지션 라벨 옆 또는 아래에 배치 선수명이 표시되는지 확인한다. 4. 동일한 선수명이 서로 다른 포지션에 중복 표시되지 않는지 확인한다. 5. 포지션 라벨과 선수명이 겹치거나 잘리지 않는지 확인한다. | J104: [DEFENSIVE LINEUP] 화면에 지정된 9개 수비 포지션 라벨과 각 포지션의 배치 선수명이 표시되어야 한다. 동일 선수의 중복 배치가 없어야 하며 모든 라벨과 선수명이 읽을 수 있어야 한다. | K104: Pass | L104: - | M104: -
A105: CPB26-MATCH-008 | B105: 리그/경기 준비 | C105: 선수 소개 | D105: 선발 투수 소개 | E105: 정상 | F105: P2 | G105: 경기 시작 직후 선발 투수 소개 화면이 표시된 상태 | H105: 선발 투수명 / 소속 구단 / ERA / 경기 수 / 이닝 / 탈삼진 / 선수 모델 | I105: 1. 선발 투수 소개 화면에서 투수명과 소속 구단을 확인한다. 2. ERA, 경기 수, 이닝, 탈삼진 항목의 라벨과 수치가 표시되는지 확인한다. 3. 선발 투수 선수 모델이 표시되는지 확인한다. 4. 선수명·기록 수치·선수 모델이 겹치거나 잘리지 않는지 확인한다. | J105: 선발 투수 소개 화면에 투수명, 소속 구단, ERA, 경기 수, 이닝, 탈삼진과 선수 모델이 표시되어야 한다. 각 라벨과 수치는 대응 관계가 명확하고 읽을 수 있어야 한다. | K105: Pass | L105: - | M105: -
A106: CPB26-MATCH-009 | B106: 리그/경기 준비 | C106: 선수 소개 | D106: 타자 소개 | E106: 정상 | F106: P2 | G106: 타석 진입 직전에 타자 소개 화면이 표시된 상태 | H106: 타자명 / 소속 구단 / 타율 / 화면에 표시된 기록 항목명과 수치 / 선수 모델 | I106: 1. 타자 소개 화면에서 타자명과 소속 구단을 확인한다. 2. 타율과 화면에 제공되는 다른 성적 항목·수치를 확인한다. 3. 선수 모델과 선수명·성적 정보가 동일 선수를 가리키는지 확인한다. 4. 소개 종료 후 타격 조작 화면으로 전환되는지 확인한다. | J106: 타자 소개 화면에 타자명, 소속 구단, 타율, 화면에서 제공하는 기록 항목과 수치, 선수 모델이 표시되어야 한다. 소개 화면 종료 후 타격 조작 화면으로 전환되어야 하며 모든 정보가 읽을 수 있어야 한다. | K106: Pass | L106: - | M106: -
...

Sheet BTS_증빙
A1: BTS 이슈 / 주요 TC 직접 플레이 증빙
A2: 확정 결함, 관찰·UX 후보와 주요 기능 TC의 직접 플레이 근거를 정리함. 확정 결함은 최상단에 배치하고 Jira 등록 시 BTS ID를 연계 관리함.
A4: 이슈 ID | B4: 관련 TC ID | C4: 분류 | D4: 이슈/관찰 내용 | E4: 기대/확인 기준 | F4: 재현 절차 | G4: 재현율 | H4: 실행 환경 | I4: 증빙 메모·BTS ID | J4: 상태
A5: BUG-001 | B5: CPB26-RISK-009 | C5: Bug | D5: 신규 하드 리그 첫 경기에서 타석 기록이 없는 상대 타자의 출루율과 OPS가 1.000으로 표시됨. 동일 조건의 사용자 팀은 0으로 표시되며, 두 번째 경기에서는 동일 상대 선수의 출루율과 OPS가 0.500으로 표시됨. | E5: 신규 리그 무기록 상태의 출루율과 OPS는 0 또는 무기록으로 양 팀 동일 기준으로 표시되어야 한다. 경기 결과 반영 후에는 실제 출루 기록에 따라 계산되어야 한다. | F5: 신규 하드 리그 시작 → 첫 경기 사용자 팀·상대 팀 첫 타석 전 기록 비교 → 상대 선수 3명 이상 확인 → 두 번째 경기 동일 선수 기록 재확인 | G5: 신규 리그 1회 / 상대 선수 다수 반복 확인 | H5: Galaxy S23 Ultra / Android 16 / One UI 8.5 / 앱 12.3.1 | I5: BUG-001-E01~E04 화면 이미지 연결 / Jira KAN-4 등록 완료 | J5: Fail · Jira 연계
A6: OBS-001 | B6: CPB26-MATCH-010 / CPB26-MATCH-011 / CPB26-PITCH-012 / CPB26-PITCH-013 | C6: Observation/Risk | D6: 공격·수비의 조작 구간에 따라 일시정지 버튼 노출과 앱 전환 복귀 방식이 다르게 처리됨. | E6: 상태별 복귀 방식이 일관되게 처리되고, 복귀 후 화면 멈춤·입력 불가·UI 깨짐이 없어야 함. | F6: 공격 교체 가능 구간, 공격 투구 직전 구간, 수비 구종 선택 구간, 수비 투구 위치 선택 구간을 나누어 앱 전환 후 복귀 결과를 확인. | G6: 핵심 구간별 2~3회 반복 확인 | H6: Galaxy S23 Ultra / Android 16 / One UI 8.5 / 앱 12.3.1 | I6: OBS-001-E01~E05 화면 이미지와 반복 확인 내용 연결 | J6: 관찰 후보
A7: UX-001 | B7: CPB26-BAT-005 | C7: UX/Observation | D7: L번트와 R번트 입력에서 서로 다른 타구 방향이 관찰됨. 라이브 경기 특성상 동일 타자·동일 구종·동일 투구 위치 조건은 통제하기 어려움. | E7: TC Pass 기준은 L/R 버튼 입력 정상 처리와 조작 안정성이다. 타구 방향 차이와 번트 성공 여부는 UX 관찰로 별도 관리한다. | F7: 서로 다른 타격 기회에서 L번트와 R번트를 각각 실행하고 버튼 입력 처리, 경기 진행, 타구 방향을 확인한다. | G7: L/R 각 1회 이상 직접 확인 | H7: Galaxy S23 Ultra / Android 16 / One UI 8.5 / 앱 12.3.1 | I7: UX-001-E01~E03 화면 이미지와 관찰 내용 연결 | J7: UX 후보
A8: BUG-001 직접 플레이 증빙 · 신규 하드 리그 상대 타자 출루율·OPS 표시
A9: 증빙 ID | B9: 관련 TC ID | C9: 판정 | D9: 확인 조건 | E9: 관찰 결과 | F9: 이미지 설명 | G9: 이미지
A10: BUG-001-E01 | B10: CPB26-RISK-009 | C10: Fail | D10: 신규 하드 리그 1경기 / 사용자 팀 첫 타석 전 | E10: 타율·안타·출루율·장타율·OPS가 모두 0으로 표시됨. | F10: 사용자 팀 무기록 초기값 0
A11: BUG-001-E02 | B11: CPB26-RISK-009 | C11: Fail | D11: 신규 하드 리그 1경기 / 상대 팀 첫 타석 전 | E11: 타율·안타·장타율은 0이나 출루율과 OPS가 1.000으로 표시됨. | F11: 상대 팀 첫 타석 전 1.000
A12: BUG-001-E03 | B12: CPB26-RISK-009 | C12: Fail | D12: 신규 하드 리그 1경기 / 다른 상대 선수 첫 타석 전 | E12: 다른 상대 선수도 출루율과 OPS가 1.000으로 동일하게 표시됨. | F12: 상대 선수 다수 반복 1.000
A13: BUG-001-E04 | B13: CPB26-RISK-009 | C13: 보강 | D13: 신규 하드 리그 2경기 / 동일 상대 선수 | E13: 첫 경기 1.000이었던 동일 선수의 출루율과 OPS가 두 번째 경기에서 0.500으로 표시됨. | F13: 두 번째 경기 0.500 추가 관찰
A15: OBS-001 관찰 연결 표 · 앱 전환/일시정지 상태별 관찰
A16: 관찰 ID | B16: 후보 ID | C16: 구간 | D16: 화면 상태 | E16: 관찰 결과 | F16: 이미지 설명 | G16: 이미지
A17: OBS-001-E01 | B17: OBS-001 | C17: 공격 / 교체 가능 구간 | D17: 타자 적용 효과 화면, 일시정지 버튼 표시 | E17: 앱 전환 후 일시정지 메뉴로 복귀되는 흐름을 반복 확인 | F17: 공격 교체 가능 구간
A18: OBS-001-E02 | B18: OBS-001 | C18: 공격 / 앱 복귀 | D18: 일시정지 메뉴 표시 | E18: 반복 확인 시 [계속 하기] 등 일시정지 메뉴가 동일하게 표시됨 | F18: 앱 복귀 후 일시정지 메뉴
A19: OBS-001-E03 | B19: OBS-001 | C19: 공격 / 투구 직전 | D19: 일시정지 버튼 미표시 | E19: 반복 확인 시 메뉴 없이 투구·타격 흐름으로 이어짐 | F19: 타격 진행 구간
A20: OBS-001-E04 | B20: OBS-001 | C20: 수비 / 구종 선택 | D20: 구종 버튼과 일시정지 버튼 표시 | E20: 반복 확인 시 수비 구종 선택 구간에서 일시정지 가능 상태 유지 | F20: 수비 구종 선택
A21: OBS-001-E05 | B21: OBS-001 | C21: 수비 / 투구 위치 선택 | D21: 투구 위치 조정 UI, 일시정지 버튼 미표시 | E21: 1분 대기와 앱 전환 반복 확인 후에도 위치 선택 상태 유지 | F21: 수비 투구 위치 선택
A23: UX-001 관찰 연결 표 · L/R 번트 방향 및 경기 흐름 제약
A24: 관찰 ID | B24: 후보 ID | C24: 구간 | D24: 화면 상태 | E24: 관찰 결과 | F24: 이미지 설명 | G24: 이미지
A25: UX-001-E01 | B25: UX-001 | C25: 번트 / L 선택 | D25: [L번트] 선택 상태 | E25: 좌측 방향 번트 시도 관찰 | F25: L번트 선택
A26: UX-001-E02 | B26: UX-001 | C26: 번트 / R 선택·진행 | D26: [R번트] 선택 또는 타격 진행 상태 | E26: 우측 방향 번트 시도와 타구 결과 기록 대상 | F26: R번트 선택/진행
A27: UX-001-E03 | B27: UX-001 | C27: 번트 / 반복 결과 | D27: 다른 타자 조건의 번트 시도 화면 | E27: 파울, 투수 앞 타구, 포수 처리, 뜬공 등 결과 기록 대상 | F27: 반복 시도 결과
A29: PITCH-010 직접 플레이 증빙 · 수동 제구 타이밍 판정
A30: 증빙 ID | B30: 관련 TC ID | C30: 판정 | D30: 확인 조건 | E30: 관찰 결과 | F30: 이미지 설명 | G30: 이미지
A31: PITCH-010-E01 | B31: CPB26-PITCH-010 | C31: Perfect | D31: 수동 제구 / 1경기 반복 확인 | E31: Perfect 문구 표시 후 투구와 경기 진행이 정상적으로 이어짐. | F31: Perfect 판정 1
A32: PITCH-010-E02 | B32: CPB26-PITCH-010 | C32: Perfect | D32: 수동 제구 / 1경기 반복 확인 | E32: 다른 타석에서도 Perfect 문구와 후속 투구 진행을 확인함. | F32: Perfect 판정 2
A33: PITCH-010-E03 | B33: CPB26-PITCH-010 | C33: Great | D33: 입력 타이밍 변경 | E33: Great 문구 표시 후 투구와 경기 진행이 정상적으로 이어짐. | F33: Great 판정
A34: PITCH-010-E04 | B34: CPB26-PITCH-010 | C34: Good | D34: 입력 타이밍 변경 | E34: Good 문구 표시 후 투구와 경기 진행이 정상적으로 이어짐. | F34: Good 판정
A35: PITCH-010-E05 | B35: CPB26-PITCH-010 | C35: Bad | D35: 입력 타이밍 변경 | E35: Bad 문구 표시 후에도 투구와 경기 진행이 정상적으로 이어짐. 판정별 결과 차이는 본 TC 범위에서 제외함. | F35: Bad 판정
A39: 관찰·UX 후보 직접 플레이 비교 메모
A40: 후보 ID | B40: 회차 | C40: 조건 | D40: 입력 | E40: 관찰 결과 | F40: 판정 메모
A41: OBS-001 | B41: 2~3회 반복 | C41: 공격 교체 가능 구간 | D41: 앱 전환 후 복귀 | E41: 일시정지 메뉴 표시 | F41: 화면 멈춤 없음
A42: OBS-001 | B42: 2~3회 반복 | C42: 공격 투구 직전 | D42: 앱 전환 후 복귀 | E42: 메뉴 없이 경기 진행 | F42: 공이 바로 날아옴
A43: OBS-001 | B43: 2~3회 반복 | C43: 수비 위치 선택 | D43: 1분 대기 + 앱 전환 | E43: 위치 선택 상태 유지 | F43: 자동 투구 없음
A44: UX-001 | B44: 1회 | C44: 유사 조건 | D44: L번트 선택 | E44: 좌측 방향 타구 | F44: 방향 차이 확인
A45: UX-001 | B45: 1회 | C45: 유사 조건 | D45: R번트 선택 | E45: 우측 방향 타구 | F45: 방향 차이 확인
